word,count
유해화학물질,481
취급,410
문의,365
관련,364
경우,355
교육,321
화학물질,314
화학물질관리법,297
질의,256
착용,241
사업,216
해당,213
보호,208
규정,194
사용,186
안전,184
화학물질안전원,182
답변,179
작업,174
안전교육,173
개인보호장구,169
대한,164
자의,163
기준,158
이상,154
종사,152
이수,145
관리자,144
대해,140
사고대비물질,134
내용,132
고시,129
사항,129
진행,125
시행,122
안녕하십니까,121
설치,119
업무,119
비치,115
물질,115
확인,114
보호장구,110
호흡,110
환경부,109
실시,108
개인보호구,106
당사,106
담당자,105
상황,104
보호복,103
영업,101
현재,101
마스크,99
관리,99
위해,94
발생,89
또한,88
기관,87
별표,86
예외,85
포함,85
전면,84
질문,84
아래,82
대상,82
여부,80
장치,79
회사,78
업체,78
규칙,78
허가,77
환경,76
설비,75
시설,74
배기,74
대하,73
과정,73
화학,72
취급시설,71
저희,71
문제,70
종류,70
수고,67
산업,67
온라인,67
노고,66
인원,66
장갑,65
모든,65
근무,65
상태,63
적용,62
장소,62
보건,62
인력,62
가지,61
모두,61
기술,60
시간,59
방독마스크,58
방법,58
근거리,56
하나,56
직접,56
사고,56
위험,55
가동,55
요청,55
직원,55
명시,55
수료,55
부분,54
보관,54
신청,54
생각,54
시스템,54
화학사,53
다음,53
상기,52
다른,52
근로자,52
교육대상,52
탱크로리,51
대신,51
추가,51
이송,50
용기,50
의거,50
소지,50
장외영향평가,50
현장,49
형식,48
밀폐,47
만약,47
자료,47
민원,47
운영,47
사람,47
기간,46
인정,46
법적,46
즉시,45
유해,45
차량,45
작성,45
선임,45
별도,44
통해,44
결과,44
공정,43
판단,43
여기,42
인증,41
공기호흡기,41
다시,40
면제,40
검사,40
저장,39
인지,39
운반,39
감사,39
소량,38
보수,38
가스,38
점검,38
정기,38
메탄올,37
때문,37
제품,37
노출,36
정도,36
조항,36
법규,36
치가,36
문의사항,36
처리,36
보고,36
작성자,36
매년,36
대응,35
신고,35
자격,35
호의,35
유사시,35
외부,35
일반,35
계획,35
일부,34
이용,33
하나요,33
실험실,33
범위,33
요인,32
장비,32
공장,32
지정,32
교육과정,32
변경,31
필요,31
첨부,31
우려,31
시기,31
제출,31
부탁,30
회신,30
기존,30
형태,29
예방,29
하차,29
이하,29
자체,29
일정,29
반드시,28
개인,28
기업,28
운전,28
질산,28
운반자,28
완료,28
제외,28
법정,28
번호,28
검토,27
현황,27
협회,27
근거,27
비상,26
설명,26
구분,26
이해,26
구의,26
수강,26
대체,26
어려움,26
의미,25
실험,25
의무,25
등록,25
유독,25
해석,25
정보,25
실내,25
법률,25
이내,25
배관,24
구체,24
전신,24
별로,24
방지,24
차단,24
미만,24
해도,24
최초,24
상의,23
방독면,23
연결,23
주시,23
조치,23
이외,23
항의,23
신규,23
기원,23
집합,23
투입,22
실제,22
연구실,22
기본,22
적재,22
제조,22
거나,22
전문,22
계속,22
제목,21
황산,21
한번,21
수량,21
용량,21
따라서,21
항목,21
이유,21
가능,21
장화,21
예정,21
불구,21
협력,21
온라인교육,21
발전,21
항상,21
연구소,20
홈페이지,20
사진,20
조건,20
최소,20
지역,20
생산,20
반면,20
개정,20
보유,20
전체,20
서류,20
무궁,20
무엇,19
저장탱크,19
사업자,19
초기,19
대비,19
공간,19
참고,19
개선,18
관계,18
지급,18
담당,18
구비,18
수행,18
어디,18
공단,18
밸브,18
탱크,18
입회,18
조성,18
액체,18
접수,18
준수,18
현실,18
강사,18
입사,18
취득,18
대상자,18
체결,17
출입,17
대응조치,17
시험,17
혹시,17
위치,17
필수,17
한국,17
매우,17
특성,17
언제,17
센터,17
방식,17
원료,16
동안,16
대기,16
지게차,16
첨부파일,16
운전자,16
단순,16
구가,16
증기,16
참조,16
위해관리계획서,16
수료증,16
기한,16
특별,16
채용,16
예시,15
약품,15
구매,15
판매,15
절차,15
올해,15
이전,15
수도,15
중일,15
실외,15
이동,15
목적,15
내부,15
부령,15
로서,15
가능성,15
이후,15
입장,15
강의,15
사이트,15
주입,14
개별,14
업주,14
정비,14
요구,14
장관,14
전화,14
측정,14
준비,14
기타,14
파일,14
제조업,14
활용,14
이번,14
옥외,14
정의,14
하루,14
유독물질,14
주기,14
구성,14
코로나,14
부서,14
집체,14
확보,14
고려,14
실적,14
소요,14
장내,13
방진,13
사전,13
운반차량,13
동일,13
방문,13
안경,13
표기,13
기재,13
공급,13
가요,13
감독,13
다만,13
본인,13
공사,13
주관,13
거리,13
제공,13
판매업,13
증빙,13
인정이,13
방안,13
승인,13
고용,13
이행,13
포장,13
로써,13
요건,13
년도,13
개설,13
위험성,13
도급,13
이경우,12
제한,12
창고,12
부터,12
납품,12
부담,12
비용,12
분리,12
안내,12
라면,12
요지,12
유지,12
농도,12
주변,12
피해,12
독성,12
안내서,12
이기,12
흡입,12
혼합,12
의문,12
호스,12
언급,12
위탁,12
가입,12
연락,12
국가,12
오프라인,12
각각,12
자격증,12
위반,12
필터,12
여러,12
수산화나트륨,12
인근,11
말통,11
앞치마,11
얼마,11
제정,11
소속,11
수정,11
분석,11
시약,11
사유,11
사례,11
선정,11
암모니아,11
고체,11
배출,11
관해,11
건가,11
이수자,11
조사,11
화재,11
책임자,11
대책,11
유선,11
존재,11
최근,11
대부분,11
통한,11
분류,11
세부,11
외국인,11
송기,11
자동,10
배포,10
성능,10
이야기,10
다수,10
드럼,10
지도,10
누구,10
국민,10
접촉,10
가정,10
정화,10
유기화합물,10
예상,10
도움,10
후드,10
교체,10
전부,10
문제점,10
이름,10
관할,10
연간,10
회원,10
역시,10
기사,10
무방,10
지원,10
구조,9
고용노동부,9
조작,9
방독,9
당시,9
발급,9
신설,9
제시,9
연안,9
염산,9
환기,9
상이,9
전혀,9
수준,9
우리,9
정상,9
피부,9
적합,9
함유,9
기체,9
인체,9
정리,9
우선,9
효과,9
공기,9
고생,9
호흡기,9
사내,9
시작,9
평소,9
퇴사,9
건물,9
유출,9
동영상,9
용이,9
구로,9
마감,9
건설,9
만일,8
신체,8
구입,8
펌프,8
토시,8
작업장,8
강제,8
자기,8
제작,8
특수,8
연구,8
안전모,8
문구,8
바로,8
출시,8
자도,8
항제,8
오히려,8
건강,8
실질,8
개방,8
법령,8
충족,8
한정,8
과산화수소,8
여야,8
세척,8
마다,8
특정,8
대한민국,8
전문교육,8
대전,8
배치,8
의뢰,8
일자,8
말씀,8
평가,8
유효,8
기회,8
한지,8
상주,8
사의,8
책임,8
운송,8
개발,8
교육비,8
부설,8
경과,8
잘못,8
로부터,8
교육인,8
장외,8
사무실,8
금년,8
교대,8
업자,7
건의,7
법인,7
사료,7
지속,7
핸드,7
규격,7
종합,7
실정,7
작년,7
출하,7
자가,7
공개,7
협조,7
화물,7
폭발,7
수입,7
제거,7
동시,7
자극,7
나머지,7
시야,7
듭니,7
통보,7
작동,7
명기,7
상하,7
출장,7
업종,7
이중,7
여러가지,7
인터넷,7
교육장,7
증가,7
표시,7
마지막,7
공지,7
취지,7
보험,7
이면,7
지침,7
해결,7
문서,7
명단,7
파악,7
참여,7
중복,7
외한,7
하니,7
본사,7
고객,7
식당,7
서로,7
지불,7
얘기,7
소방,7
사정,7
자진,7
인식,7
비교,7
자리,7
수립,7
종료,7
상세,7
입시,7
상시,7
교재,7
톨루엔,7
입력,7
알선,7
용도,7
비산,6
정이,6
아황산가스,6
취소,6
실수,6
공고,6
정부,6
통화,6
진행중,6
출력,6
설정,6
일시,6
작업중,6
오염,6
보아,6
사실,6
대피,6
국내,6
일상,6
하절,6
장구,6
오늘,6
일용직,6
응답,6
개봉,6
충진,6
차이,6
서도,6
여름철,6
산정,6
서울,6
시점,6
내년,6
물관,6
리자,6
경보,6
완화,6
차원,6
유예,6
행위,6
함량,6
가장,6
해체,6
수가,6
지금,6
행동,6
불가능,6
해설,6
대처,6
이력,6
수요,6
심사,6
확산,6
서명,6
이력서,6
두번째,6
취급량,6
전달,6
경비,6
수해,6
프로그램,6
컴퓨터,6
청소,6
메틸,6
한강유역환경청,6
링크,6
모집,6
보완,6
성교육,6
규모,6
테스트,6
영향,6
달라,6
종업원,6
거의,6
일로,6
양성,6
처음,6
명의,6
마찬가지,6
복합,6
라인,6
부속,5
그냥,5
유사,5
주지,5
마련,5
임의,5
과태료,5
제기,5
입찰,5
의견,5
반응,5
조달청,5
수리,5
물류,5
제조업체,5
효율,5
가이드,5
대학,5
고상,5
종합정보시스템,5
검색,5
안면,5
대다수,5
금속,5
부위,5
긴급,5
표제,5
재해,5
신문고,5
기능,5
군민,5
수시,5
미리,5
배경,5
규제,5
야외,5
보건관리,5
분말,5
누액,5
카트,5
밀봉,5
추진,5
인화,5
상부,5
로딩,5
노력,5
이나,5
요소,5
잠시,5
산화,5
입구,5
위함,5
방재,5
단계,5
참석,5
니트릴,5
증기압,5
사이,5
상반기,5
보이,5
서식,5
오전,5
환경기술,5
는걸,5
근로,5
임시,5
학과,5
간이,5
신지,5
양식,5
사자,5
주체,5
훈련,5
개월,5
재직,5
대통령령,5
구만,5
금번,5
무관,5
정량,5
정책,5
화면,5
하라,5
폐기물,5
자동화,5
리터,5
기적,5
미달,5
상식,5
조금,5
인사,5
전동,5
품질,5
환경청,5
사원,5
비고,5
그것,5
공무원,5
시민,5
기기,5
명칭,5
웹사이트,5
화학물,5
불친절,5
한국어,5
용역,5
부로,5
등급,5
여건,5
귀하,5
차례,5
오니,5
추후,5
자로,5
날짜,5
다라,5
페이지,5
결론,5
연구개발,5
공문,5
부식,5
해외,5
보기,5
정밀,5
발행,5
공정은,5
안정,5
연구원,5
구함,5
만큼,4
하의,4
이란,4
마무리,4
겸용,4
환경보전,4
주의,4
불산,4
발간,4
국립,4
오류,4
나라,4
경쟁,4
장착,4
그때,4
지점,4
도로,4
번의,4
권장,4
충돌,4
불만,4
노동자,4
하위,4
경로,4
선박,4
고가,4
누락,4
모바일,4
오픈,4
감지기,4
격무,4
소재,4
안전성,4
제도,4
활동,4
외국,4
크게,4
첫째,4
포스핀,4
비대,4
할로겐,4
화가,4
체류,4
미립,4
금지,4
공익,4
덕트,4
도금,4
전문가,4
구역,4
단지,4
대기업,4
표현,4
특급,4
날씨,4
각종,4
사다리,4
최종,4
변동,4
유무,4
연장,4
연기,4
감염,4
전환,4
향상,4
감시,4
구축,4
방제,4
극히,4
행정처분,4
대로,4
하반기,4
연말,4
온도,4
장시간,4
강도,4
요약,4
굳이,4
설립,4
대표,4
호서대학교,4
맞춤,4
부합,4
대행,4
연도,4
플라스틱,4
적정,4
이메일,4
엑셀,4
서면,4
체크,4
전자,4
행정,4
원래,4
해임,4
상위,4
요즘,4
장평,4
겸임,4
비닐,4
폐기,4
선택,4
적극,4
무조건,4
드림,4
면접,4
협의,4
몇개,4
조절,4
개념,4
충전,4
태도,4
로그인,4
단시간,4
퇴직,4
개인정보,4
애로,4
산성,4
케톤,4
신입사원,4
증명,4
성과,4
고글,4
잡고,4
정표,4
삭제,4
이처럼,4
암모니아수,4
보안,4
초과,4
내의,4
발주,4
구두,4
일단,4
중소기업,4
상담,4
토대,4
시청,4
귀사,4
읍니,4
기업체,4
보전,4
자사,4
안녕,4
주로,4
주차,4
단체,4
동등,4
가격,4
부적합,4
원칙,4
응급,4
수급인,4
수급,4
결정,4
공통,4
파견,4
능력,4
구획,4
지적,4
토목,4
말함,4
임명,4
상호,4
영수증,4
증설,4
학습,4
부여,4
컨설턴트,4
하이드라진,4
급식,4
상단,3
의당,3
시로,3
엔지니어,3
처벌,3
의사,3
구미,3
메일,3
참가,3
시도,3
정정,3
품목,3
인포,3
수용성,3
사용자,3
삽입,3
에탄올,3
바탕,3
질소,3
페놀,3
경기,3
반도체,3
분해,3
단서,3
세트,3
실무,3
연락처,3
주심,3
모니터링,3
회수,3
직결식,3
종이,3
주요,3
노동부,3
로만,3
표지판,3
불검,3
염소,3
알칼리,3
아황산,3
에틸렌,3
작업복,3
지식,3
실현,3
수소,3
평균,3
수처리,3
용품,3
수치,3
기계,3
가운,3
개요,3
휴대,3
조물,3
것입,3
입하,3
유기화학,3
탈의,3
높이,3
주야,3
정해진,3
조직,3
허용,3
재난,3
중간,3
대표이사,3
과도,3
의무교육,3
인천,3
낭비,3
예산,3
대면,3
직장,3
호소,3
석유화학,3
소독,3
중앙,3
의료,3
시오,3
센서,3
감지,3
검지,3
호구,3
정지,3
교육자,3
두기,3
부타디엔,3
음으로,3
복귀,3
체계,3
재교육,3
그대로,3
고압,3
재질,3
관공서,3
중도,3
일이,3
무시,3
산학,3
교과목,3
졸업,3
가족,3
기록,3
고등학교,3
면서,3
전도,3
박스,3
대차,3
지연,3
수용,3
수록,3
여명,3
보온,3
자주,3
초빙,3
컨설팅,3
해지,3
더욱,3
남아,3
습기,3
전역,3
액화,3
불편,3
확대,3
전문성,3
방문자,3
방문객,3
의수,3
보통,3
반복,3
이분,3
실린더,3
서버,3
메뉴얼,3
고발,3
안산,3
건축물,3
불문,3
통상,3
자재,3
복직,3
안해,3
번은,3
이수증,3
자연,3
항시,3
교안,3
언어,3
외국어,3
메인,3
용접,3
페인트,3
해소,3
영위,3
경기도,3
화성,3
요령,3
분기,3
독려,3
전원,3
일일,3
영문,3
부처,3
공인,3
불가,3
허가증,3
틸에틸,3
화제,3
중화,3
제로,3
해고,3
말투,3
기분,3
짜증,3
운송차량,3
인지도,3
조기,3
증거,3
울산,3
수업,3
이탈,3
납부,3
지원이,3
고무장갑,3
유기,3
표면,3
사이버,3
스마트폰,3
화장실,3
앞서,3
폐수처리,3
감소,3
다량,3
등등,3
지문,3
물이,3
비영리,3
성격,3
단위,3
크기,3
귀부,3
클린룸,3
홍길동,3
도래,3
각자,3
이구,3
외자,3
만원,3
일지,3
유지관리,3
최대,3
도착,3
회피,3
정말,3
도급계약,3
소통,3
추천,3
조속,3
공용,3
구들,3
용매,3
별개,3
따름,3
장도,3
시한,3
불합리,3
통역,3
시마,3
물리,3
바닥,3
드릴,3
기입,3
주소,3
마음,3
계약,3
지방,3
명과,3
부의,3
회계,3
부적,3
무지,3
장기,3
편의,3
연초,3
판정,3
과연,3
일체,3
결제,3
송시,3
등록증,3
무슨,3
휴직,3
주재,3
전기,3
격리,3
출입문,3
과장,3
만족,3
와중,3
기밀,3
금액,3
가압,3
처럼,3
컨텐츠,3
운송업,3
출입구,3
이동식,3
한가지,3
차징,3
산화칼륨,2
준용,2
일만,2
스스로,2
연관,2
한계,2
벌칙,2
코리아,2
비롯,2
정식,2
부정,2
조달,2
전화통화,2
이의제기,2
자동차관리법,2
이의,2
청사,2
행정규칙,2
화확,2
주문,2
책자,2
개수,2
소규모,2
탑차,2
기상,2
유제,2
양압,2
도달,2
성질,2
자급,2
이용자,2
트리,2
프로판올,2
아민,2
부두,2
전북,2
경도,2
당일,2
촬영,2
휴대폰,2
유입,2
잔류,2
식각,2
부품,2
화생방,2
방어,2
창설,2
실시간,2
인명,2
부가,2
먼지,2
바람,2
테러,2
속성,2
향후,2
합동,2
리스트,2
위로,2
유발,2
기도,2
커플링,2
무한,2
불화,2
측정기,2
황화수소,2
화의,2
취하,2
현행,2
보시,2
혼합물,2
출근,2
코팅,2
차하,2
냄새,2
하청,2
알기,2
방향,2
그림,2
커버,2
응기,2
플랜,2
경보기,2
매일,2
전용,2
마개,2
고정,2
대학교,2
학생,2
빈번,2
가연성,2
물리화학,2
포대,2
플렉시블,2
고소,2
인자,2
불철,2
권한,2
법정관리,2
행복,2
제일,2
급성,2
구동,2
인구,2
물의,2
고증,2
사태,2
아예,2
왕복,2
체제,2
겨우,2
피로,2
종합병원,2
카트리지,2
멸균,2
기구,2
취약,2
진시,2
정자동,2
과압,2
도구,2
내화,2
학보,2
사회,2
순차,2
차수,2
가라,2
외교,2
무리,2
아크릴,2
압출,2
난연,2
알버말,2
압출공정,2
랑세스,2
곤란,2
소의,2
추세,2
본부,2
진자,2
것임,2
생활,2
도중,2
이직,2
이득,2
혼선,2
수질,2
군산,2
종업,2
대리점,2
정신,2
홍보,2
수강생,2
일어나지,2
자등,2
예정자,2
대표자,2
기전,2
새해,2
포르말린,2
회장,2
과제,2
노란색,2
고충,2
자라,2
휴업,2
확실,2
체상,2
다소,2
하단,2
우이,2
데이터,2
명부,2
입실,2
비계,2
해제,2
직무,2
차기,2
자하,2
교유,2
정작,2
더위,2
지위,2
중인,2
용액,2
리프트,2
손실,2
상차,2
분할,2
고서,2
대답,2
지난,2
장기간,2
수분,2
객관,2
충남,2
차별,2
후단,2
소화,2
트렌치,2
고등,2
교육법,2
중등교육,2
광원,2
법행령,2
천안,2
회의실,2
트럭,2
음압,2
내야,2
압력,2
흡착,2
연동,2
소방청,2
여수,2
냉동,2
운전기사,2
회의,2
근로기준법,2
조회,2
실명,2
시트,2
다운,2
건폐,2
발열,2
대구,2
이송이,2
먼저,2
이러닝,2
영어,2
메뉴,2
전파,2
산소,2
진공,2
궁금,2
중임,2
유권해석,2
서비스,2
일전,2
국한,2
사무,2
스틸,2
염화수소,2
타입,2
병원,2
진단,2
포름알데히드,2
완제,2
의약품,2
폐사,2
거부,2
상임,2
버전,2
논문,2
메틸에틸케톤,2
제대로,2
응대,2
포괄,2
수하,2
불순,2
국적,2
사무소,2
미비,2
개소,2
갑질,2
무단,2
증발,2
비즈니스,2
당한,2
금일,2
횡령,2
머리,2
환불,2
휴가,2
무료,2
논란,2
과거,2
간의,2
미처,2
구제,2
영세,2
손상,2
시중,2
수원,2
불공정,2
동료,2
점심시간,2
염기성,2
모래,2
나트륨,2
아세트산,2
분산,2
보존,2
민법,2
하부,2
함유량,2
어이,2
엄마,2
수로,2
전후,2
소수,2
실행,2
하자,2
이상인,2
사양,2
크로마토그래피,2
질량분석기,2
김찬식,2
오지,2
사가,2
견적,2
실습,2
모델,2
이의신청,2
적절,2
번항목,2
미화,2
접속,2
아무,2
진심,2
주최,2
통계,2
반납,2
일용,2
부디,2
관여,2
시일,2
아이디,2
탈수,2
저항,2
불분명,2
만들기,2
제약회사,2
선발,2
육안,2
소장,2
신축,2
설계,2
조합,2
할애,2
강화,2
곧바로,2
사본,2
목별,2
완전,2
진도,2
구조대,2
유관,2
기공사,2
검시,2
직시,2
일련,2
유도,2
중이,2
수신,2
상사,2
국세청,2
직후,2
고유,2
오해,2
내내,2
감정,2
세금,2
병행,2
플랜트,2
명당,2
주가,2
지난해,2
미량,2
상대로,2
부지,2
호수,2
주신,2
직영,2
운수,2
필요성,2
소방시설,2
한편,2
실사,2
자발,2
시청각,2
예고,2
정시,2
전국,2
로그,2
시나리오,2
조율,2
두께,2
발령,2
사장,2
반영,2
어찌,2
이정우,2
계산서,2
입금,2
이틀,2
점수,2
제안,2
유료,2
성의,2
건축,2
사무직,2
유역,2
전산,2
정답,2
보고서,2
합격,2
풍속,2
작업시간,2
무인,2
경의,2
사인,2
이동해,2
대형,2
달리,2
격벽,2
일괄,2
이건,2
지시,2
부재,2
이법,2
갯수,2
관심,2
차고,2
이상만,2
호홉,2
수조,2
신화학,2
용어,2
최소한,2
인장,2
드레,2
여직원,2
협박,2
통과,2
기용,2
대략,2
무자,2
유도원,2
포스겐,2
옥내,2
전반,2
물품,2
달도,2
납득,2
토니,2
트릴,2
토요일,2
한국말,2
신발,2
설문,2
강의실,2
열사병,2
아세톤,2
철거,2
미터,2
복도,2
일일이,2
작용,2
이서,2
공동,2
순수,2
풍기,2
벽체,2
가죽,2
정실,2
환경과학,2
수백,2
테스,2
면봉,2
저하,2
근무시간,2
국소,2
지하,2
실용,2
종전,2
간소화,2
육상,2
긍정,2
배터리,2
상일,2
중요성,2
방지턱,2
정일,2
저런,2
본드,2
평상시,2
순환,2
역할,2
유체,2
잔량,2
송중,2
누기,2
바이엘,2
시료,2
채취,2
요량,1
보호자,1
뚜겅,1
코트,1
무언가,1
안남,1
미착,1
빠쁘신데,1
영업정지,1
규치,1
시행일,1
적발,1
징역,1
벌금,1
린데,1
손인호,1
곽지현,1
사후관리,1
구절,1
기획재정부,1
물자,1
고장,1
사후,1
일방,1
결함,1
일감,1
자동차,1
일반인,1
풀캐빈일,1
마스트,1
배지,1
양도,1
백만원,1
동대문구,1
뜻함,1
왕래,1
곳곳,1
착영,1
보장,1
사망,1
군산항,1
부상,1
파주,1
디스플레이,1
게시판,1
위도,1
구미시,1
미동,1
변조,1
탑재,1
오연,1
재활용,1
경상북도,1
치인,1
크리닝,1
화복,1
크리,1
증착,1
실로,1
예전,1
서적,1
석반,1
이성준,1
신생,1
입출,1
주위,1
독립,1
위생,1
원거리,1
순번,1
자물쇠,1
퇴색,1
액션,1
지정시,1
목록,1
인화성물질,1
먼발치,1
성비,1
할떄,1
환경법,1
결하,1
반출,1
것이므,1
둘째,1
간주,1
인턱락,1
챔버,1
중지,1
포터블,1
붕소,1
염화,1
실란,1
중농,1
시안화수소,1
다용,1
산장,1
도용,1
디아,1
핸들,1
불이익,1
경험,1
외항,1
브롬,1
한상태,1
토지,1
일상생활,1
에탄,1
벤젠,1
오염수,1
레이,1
문뜩,1
나니,1
수질오염,1
영상,1
추출,1
분출,1
지하수,1
고인,1
원형,1
맨홀,1
정전기,1
역장,1
안팍,1
세안,1
고정용,1
나사선,1
재학,1
겹치,1
인하,1
차이점,1
화생방방호사령부,1
김정윤,1
대위,1
정립,1
국군,1
모성,1
복의,1
방열,1
방화,1
인화점,1
호보,1
특이,1
동조,1
생명,1
휴게,1
추위,1
안전벨트,1
추락,1
겨울철,1
밴트밸브,1
건조,1
염화메틸,1
산출,1
집단,1
기후,1
화공,1
가증,1
상관,1
도매,1
경남,1
창원,1
집행,1
미신,1
청자,1
거주,1
거듭,1
연구시설,1
폐쇄,1
타격,1
기사도,1
노즐,1
시동,1
공포,1
폭염,1
질환,1
고통,1
본원,1
격상,1
종식,1
조업,1
기지역,1
호학,1
탈진,1
대전광역시,1
누가,1
고지,1
대여,1
심지어,1
중구,1
오류동,1
거주지,1
지역구,1
불안,1
무감각,1
포털,1
잠복기,1
처치,1
실천,1
번영,1
플로,1
메타,1
크레졸,1
괄호,1
가운뎃점,1
빗금,1
가드,1
저압,1
봄베,1
가스용기,1
편의점,1
황제,1
교양,1
대리,1
참관,1
언행,1
지인,1
판촉,1
영남,1
허락,1
현관,1
고요,1
성함,1
타타대우,1
점심,1
빌딩,1
욕설,1
부산,1
김수빈,1
분과,1
모독,1
분통,1
김영우,1
남산동,1
시더,1
충격,1
살기,1
장님,1
갖가지,1
인격,1
금정구,1
팜플렛,1
폭언,1
직함,1
모욕,1
피하,1
닥치,1
필요시,1
그동안,1
득실,1
국민연금,1
피보,1
직계,1
확인가능,1
희망,1
전라북도,1
의원,1
이자,1
공식,1
평일,1
물처리,1
강조,1
항도,1
제반사,1
말일,1
유헤,1
파손,1
재개,1
중단,1
막상,1
시각,1
집수,1
수질검사,1
생기,1
적임,1
차질,1
가용,1
환급,1
출결,1
수기,1
두시,1
코드,1
스캔,1
학습자,1
마당,1
알림,1
전제,1
거절,1
수행자,1
거제시,1
시뮬레이터,1
더욱더,1
표준,1
비판,1
조정,1
완롸,1
동부,1
여론,1
생황,1
강인원,1
상제,1
보류,1
건매,1
탈퇴,1
장인,1
습도,1
대안,1
바이러스,1
진정,1
도입,1
이동형,1
만하,1
지고,1
부천,1
대학병원,1
명중,1
신청서,1
등기,1
권리,1
승계,1
구나,1
활성탄,1
변화,1
상온,1
유기산,1
진물,1
흡수,1
성용,1
충질물,1
신품,1
월팬,1
폭주,1
박탈,1
지지,1
호응,1
세종,1
임원진,1
리플렛,1
한자,1
배수,1
방류벽,1
지기,1
출감,1
초함,1
구성원,1
등하교,1
췰급,1
자영,1
견학,1
중종,1
무급,1
피고용자,1
임금,1
벤치마킹,1
봉급,1
민미,1
점점,1
미정,1
버거운,1
팔레트,1
오늘이,1
일등,1
인터,1
처리장치,1
의회,1
려면,1
강시,1
재수,1
신경,1
데이터베이스,1
인터페이스,1
계로,1
공공기관,1
건성,1
의지,1
태만,1
불량,1
좀더,1
자세,1
권위,1
플레이어,1
마저,1
책임감,1
일삼,1
경찰서,1
페닐메탄,1
해양,1
규저,1
개보,1
정수기,1
택배,1
경력,1
정보보호,1
회원정보,1
열람,1
알람,1
가운데,1
김재호,1
글자,1
복사,1
보라,1
화물차,1
불합격,1
재수강,1
폐강,1
김광민,1
석유,1
금사항,1
발화성,1
활별,1
차후,1
방객,1
인도네시아,1
필리핀,1
스리랑카,1
목차,1
한국인,1
태국,1
캄보디아,1
개국,1
중국어,1
한글,1
네팔,1
정선,1
택시,1
일본어,1
냉매,1
수중,1
조립,1
충북,1
오일,1
인동,1
수술복,1
아크릴산,1
커뮤니케이션,1
아산,1
대성,1
아호,1
비밀,1
흐름,1
헬멧,1
알코올,1
에어로졸,1
간호사,1
병리,1
얻지,1
크실렌,1
현행법,1
직책,1
의학과,1
볼때,1
성남시,1
검체,1
틸이소뷰틸,1
콘테츠,1
사실관계,1
원문,1
콘텐츠,1
노총,1
의적,1
민주,1
뿐더러,1
채택,1
반증,1
패널,1
노조,1
보관량,1
미국,1
요원,1
의식,1
증진,1
국문,1
몸소,1
수출입,1
어플,1
물동량,1
항만,1
초동,1
번역,1
황시,1
자국,1
신민기,1
인쇄,1
어플리케이션,1
위급,1
저작권법,1
학술,1
출처,1
저촉,1
계량,1
이로,1
흡착제,1
가이드라인,1
포제,1
중화가,1
잉크,1
대기압,1
말속,1
삼고,1
임민택,1
팩스,1
대법원,1
귀관,1
사견,1
혼란,1
합리,1
소로,1
된장,1
나타,1
더라도,1
하소연,1
펌핑하,1
지용,1
등재,1
베트남,1
테크,1
솔루션,1
정상열,1
송부,1
로테이션,1
군데,1
영업소,1
통합,1
산재,1
착오,1
소가,1
돠었다,1
역도,1
거짓,1
자율,1
유권,1
예견,1
인건비,1
본연,1
양일간,1
규사,1
진용,1
소유,1
원주지방환경청,1
충주,1
갑자기,1
있슴,1
기문,1
구해,1
찻수별,1
찻수,1
시적,1
서나,1
달안,1
난관,1
소망,1
중요,1
맞이,1
봉착,1
여기저기,1
제발,1
처지,1
우편,1
절실,1
기왕,1
수배,1
마크,1
용제,1
미인,1
화이트,1
오름,1
제품군,1
염려,1
질도,1
퇴근,1
여가,1
제등,1
개개인,1
리지,1
도로포장,1
레미콘,1
아스콘,1
축하,1
설현,1
흡연,1
아주,1
불쾌감,1
김영호,1
일찍,1
수계,1
매립,1
다발,1
재사용,1
잔재,1
토양,1
강산,1
시산,1
중탄산,1
강염기,1
공상,1
합산,1
교류,1
프레,1
번위,1
게르만,1
황별,1
모노,1
티렌,1
절용,1
전적,1
다현,1
훈증,1
위의,1
달성,1
자연환경,1
가목,1
공동관리,1
생활환경,1
환경오염,1
기여,1
실태,1
독물,1
가유,1
화성시,1
글라스,1
폐가,1
돌대가리,1
대가,1
상싱적,1
연령,1
차라리,1
자녀,1
어르신,1
송사,1
지나,1
이수연,1
화학반응,1
공무,1
흡인,1
연구기관,1
제인,1
중제,1
청산,1
안법,1
무가,1
보증,1
화력발전소,1
준공,1
발전소,1
준치,1
정결,1
압축,1
용적,1
물질량,1
치침,1
번창,1
일익,1
상급,1
마는,1
악세사리,1
붙이,1
모습,1
세운,1
거짓말,1
주장,1
장함,1
보임,1
주무관,1
궁금증,1
일부인,1
커리큘럼,1
사도,1
이제,1
유감,1
정착,1
사명,1
사과,1
구사,1
위배,1
충분,1
반박,1
만남,1
응찰,1
본질,1
액세서리,1
직장인,1
결여,1
위원회,1
비전문가,1
학계,1
애질런트,1
누차,1
요청서,1
도인,1
세번,1
위원,1
분야,1
장하나,1
과금,1
불찰,1
입교,1
공감,1
의심,1
미흡,1
주차공간,1
용호,1
박진,1
출석,1
주차장,1
뒷골목,1
문자,1
완만,1
정차,1
학위,1
재료공학,1
수명,1
과로,1
가속,1
진위,1
방자,1
실링,1
일절,1
스캣,1
보강,1
프랜,1
여타,1
염소산나트륨,1
에칭,1
통용,1
국제,1
화일,1
내식성,1
수용액,1
침해,1
명정,1
가량,1
증세,1
성적,1
글러브,1
햇수,1
부대,1
실직,1
첨가제,1
보좌,1
조언,1
환절기,1
감기,1
중략,1
측량,1
하도급,1
지질,1
취금,1
무수,1
홉기,1
기호,1
기와,1
크롬산,1
업데이트,1
문의격무,1
청년,1
물건,1
법안,1
건격무,1
도저히,1
노무,1
도편,1
게이지,1
통행,1
기둥,1
지장,1
외면,1
부속품,1
레벨,1
이격,1
소집,1
철판,1
친후,1
소명,1
유형,1
게시,1
취해,1
일종,1
자만,1
지사,1
성남,1
연환,1
행시,1
배부,1
전남,1
소방관,1
외관,1
비보,1
모호,1
굴착,1
에폭시,1
인트,1
수전,1
폐수,1
애매,1
중장비,1
간접,1
외각,1
포크레인,1
관등,1
절단,1
배수로,1
반대,1
수직,1
소개,1
작시,1
수동,1
이상은,1
상점,1
칼럼,1
고법,1
최득,1
식품첨가물,1
업소,1
선입,1
사지,1
핵심,1
설령,1
급여,1
후반,1
예절,1
소득,1
이해해,1
용건,1
명세서,1
선생님,1
오후,1
바랬으,1
끊음,1
징수,1
세액,1
친절,1
바이,1
나기,1
목소리,1
하이라이트,1
걸때,1
여유도,1
두통,1
다짜고짜,1
안감,1
애초,1
신자,1
마냥,1
전이,1
원천,1
일관,1
마치,1
더욱이,1
내일,1
연말정산,1
당황,1
상대방,1
절절,1
세무사,1
뭔가,1
자문,1
도무지,1
발신,1
정황,1
마자,1
사회인,1
회계사,1
세법,1
귀속,1
의도,1
직인,1
질질,1
관서,1
시운전,1
면허,1
장완,1
공후,1
호은,1
관계도,1
배합,1
잠깐,1
국정,1
통관,1
원수,1
총무,1
오직,1
물량,1
운행,1
합의,1
운송계약,1
화주,1
차주,1
양사,1
한쪽,1
수탁,1
사교육,1
명문,1
열거,1
영내,1
자수,1
위임,1
녹화,1
직업,1
살짝,1
드럼통,1
미량입니,1
조공,1
시인,1
호가,1
체인,1
정규직,1
전형,1
누출사고,1
문명,1
공유,1
싸이트,1
투자,1
팝업창,1
모색,1
버퍼링,1
마비,1
청구,1
아웃,1
리뉴얼,1
의창구,1
정보보안,1
실효,1
성희롱,1
단기,1
연차,1
지진,1
훈련기,1
재생,1
라텍스,1
햇볕,1
보안면,1
라스,1
엑스,1
정영일,1
에이,1
아트,1
은월,1
모씨,1
두서,1
방서,1
배제,1
는바,1
분수,1
과함,1
약속,1
발언,1
경리,1
보도자료,1
광주,1
임원,1
온몸,1
해답,1
창구,1
공부,1
채널,1
도록,1
공석,1
담보,1
심화,1
나항,1
우천,1
해주시,1
은행,1
카드,1
컨테이너,1
열차,1
입환,1
결기,1
수납,1
역무,1
철도,1
송원,1
봉인,1
수송,1
조성하,1
철도공사,1
응시,1
치루어,1
나름,1
숙박,1
가름,1
모로,1
절대평가,1
타당,1
여지,1
한해,1
세종시,1
측면,1
종목,1
식별,1
전담,1
여과기,1
부문,1
업태,1
건설업,1
서비스업,1
소매업,1
잠재,1
선별,1
구별,1
육아휴직,1
겸직,1
어제,1
이도,1
대효,1
익산시,1
위협,1
원장,1
안위,1
존경,1
선처,1
당첨,1
유량,1
장임,1
푸른,1
지구,1
당초,1
발표,1
있습니댜,1
김용달,1
한여름,1
시공,1
원부,1
자정,1
조차,1
비차,1
신속,1
응급구조대,1
만료,1
소급,1
절반,1
연소,1
퀴즈,1
외화,1
담장,1
경계,1
동선,1
격벽를,1
인계,1
장만,1
진흥,1
안양,1
자제,1
윗사람,1
강압,1
김재영,1
정서,1
관계자,1
마침,1
부사,1
점도,1
년말,1
최대한,1
공백기,1
화관협,1
부연,1
최신,1
중국,1
실어,1
착요,1
충당,1
날로,1
개폐,1
폐지,1
조안,1
태일,1
인입,1
가공,1
전보,1
낙하,1
수압,1
촉진,1
양쪽,1
정사각형,1
가장자리,1
산화제,1
티오황산나트륨,1
인제,1
환원제,1
성상,1
푸란,1
믈옥,1
고함,1
위캔,1
들것,1
바라지,1
중식,1
약간,1
결재,1
재차,1
파기,1
교환,1
해메,1
기차,1
실갱,1
한참,1
이상태,1
한궁,1
소양,1
음식점,1
다양,1
청소년,1
단축,1
식사,1
불만족,1
타고,1
당신,1
금즌,1
여유,1
허자,1
녹음,1
여자,1
어의,1
뭣하,1
물어,1
불쾌,1
어처구니,1
차서,1
발송,1
입차,1
토로,1
탈착,1
플루오르화수소,1
출고,1
수레,1
확읺,1
건강검진,1
근접,1
도크,1
바디,1
전시,1
물등,1
협착,1
알신,1
무게,1
역기,1
역대,1
유류,1
부적절,1
입증,1
오류로,1
에소,1
강중인,1
삼성,1
라며,1
고해,1
이강혁,1
지로,1
바스,1
앤지,1
차일피일,1
예비군,1
만해,1
거뭐,1
이사,1
용인,1
남부,1
가야,1
규직,1
아주머니,1
이치,1
식료품,1
인턴,1
전화기,1
취급룸,1
부끝,1
별첨,1
교육제도,1
소식,1
에어라인,1
박성연,1
진화,1
차장,1
동압관,1
브리,1
방출,1
환관,1
손해,1
유의,1
안됫,1
이점,1
연혁,1
최루,1
성분,1
최루가스,1
인위,1
여러분,1
성립,1
보충,1
소도,1
위시,1
모국어,1
의사소통,1
동남아,1
배정,1
유치,1
려고,1
출퇴근,1
도지,1
함양,1
일수,1
생태계,1
권익,1
시흥,1
도청,1
매월,1
도지사,1
진동,1
소음,1
폐기물관리법,1
등지,1
방호복,1
권고,1
덧신,1
정함,1
가호,1
방울,1
몇번,1
브라우저,1
이동학,1
인후,1
크롬,1
보이지,1
하얀색,1
마이,1
주말,1
니요,1
찰때,1
배낭,1
산복,1
우리나라,1
그간,1
직전,1
프로,1
디메,1
반명,1
산용,1
틸포름,1
케미,1
투과,1
인증서,1
아미드,1
대게,1
보건학,1
합당,1
발진,1
여종,1
간담,1
염화비닐,1
여수산단,1
회시,1
안쪽,1
소제,1
커튼,1
달이,1
공표,1
과중,1
참석자,1
일도,1
취합하,1
비상구,1
단독,1
층내,1
태시,1
한층,1
층별,1
추기,1
너트,1
볼트,1
부착,1
막중,1
산업위생,1
레일,1
특례,1
소방설비,1
장부,1
세탁기,1
세탁,1
풍량,1
산압법,1
풍량기준,1
모직,1
진압,1
고무,1
더군다나,1
증상,1
여름,1
하란,1
니트로,1
유기물,1
메탄,1
네오프렌,1
통풍,1
방류,1
섬유,1
것등,1
대기실,1
프라이버시,1
금강유역환경청,1
백남훈,1
찾기,1
대학원,1
대학원생,1
간략,1
여태,1
융합,1
충청남도,1
혼자,1
하여햐,1
상해,1
개연,1
안전지대,1
집결,1
킴텍스,1
와이퍼,1
상존,1
가산,1
세무서,1
수취,1
불비,1
교부,1
현금,1
개시,1
수익,1
격증,1
신용카드,1
납세,1
국립기관,1
요하,1
세심,1
영국,1
아이스박스,1
종은,1
자바라,1
포집,1
두건,1
증대,1
알콜,1
밀도,1
번갈아,1
소형,1
비례,1
전장,1
신어,1
평상,1
암모늄,1
누츨,1
현상,1
맥락,1
알카리,1
다행,1
텐진,1
수산화,1
초산,1
애기,1
도구로,1
유리,1
이물,1
년초,1
관리인,1
능률,1
가림,1
프린트,1
자원,1
무등,1
첫번쨰,1
중견,1
시청각교육,1
구성은,1
사시,1
둔화,1
움직임,1
계산,1
다음해,1
온라인과,1
장해,1
자중,1
미보,1
주하,1
듣기,1
구직,1
케이싱,1
철재,1
진입,1
논의,1
제약,1
생도,1
연수,1
차선,1
특례조항,1
수생,1
심각,1
다리,1
자간,1
양하,1
사용성,1
밀착,1
극적,1
이동춘,1
무전기,1
통증,1
기초,1
압박,1
부피,1
돌발,1
수선,1
도장,1
공종,1
도어,1
타일,1
영선,1
콘센트,1
선시,1
이슈,1
저작권,1
미취,1
치룬,1
증명서,1
획득,1
소정,1
산등,1
시라,1
이어도,1
사무기기,1
양해,1
물음,1
되엇습니,1
관내,1
실온,1
질산암모늄,1
내열성,1
둘레,1
대의,1
을사,1
연속,1
차로,1
교반기,1
사임,1
대조,1
다운로드,1
송이,1
실기,1
라라,1
보더,1
딜레마,1
이글,1
공차,1
의정부,1
덮개,1
당사자,1
외치,1
정성,1
엄포,1
전화번호,1
어쩌,1
핸드폰,1
경고,1
미명,1
통신사,1
회훤,1
인줄,1
탈락,1
반문,1
닉네임,1
침식,1
신장,1
결부,1
입부,1
방치,1
고민,1
당자,1
동명이인,1
논리,1
절대,1
정직,1
노동,1
인프라,1
집약,1
본래,1
일주일,1
무용,1
천문학,1
부직,1
부과,1
재료,1
세분,1
입법,1
수원시,1
고전,1
쓰레기,1
계정,1
조현구,1
조현주,1
나본,1
메이저,1
운영자,1
전임,1
원대,1
플러그인,1
청취,1
편성,1
정전,1
초래,1
공백,1
사서,1
교대근무,1
계전,1
여과,1
비방,1
덕트라인,1
체적,1
계장,1
농축,1
거치,1
룸배기,1
교정,1
벤트,1
진공상태,1
독식,1
커플,1
상충,1
법제,1
회람,1
해국,1
진중,1
역류,1
전량,1
금사,1
스티로폼,1
수입품,1
외수,1
업떻,1
유종,1
내지,1
매니폴드,1
줄자,1
유소,1
재고,1
최선,1
최악,1
수초,1
유증기,1
발효,1
연중,1
과수,1
명일,1
보후,1
모터,1
전등,1
버튼,1
소변기,1
관리원,1
깡패,1
대변기,1
시대,1
퇴실,1
주물,1
옥집,1
조형,1
근처,1
제해,1
스크,1
라바,1
간격,1
품종,1
감시인,1
재무,1
비취,1
순찰,1
표지,1
최민용,1
콜럼,1
케미컬,1
방족,1
일치,1
프로필렌,1
예규,1
작업실,1
고층,1
위계,1
호제,1
역순,1
명목,1
그날,1
공직자,1
야합,1
단거리,1
일요일,1
이익,1
금요일,1
자신,1
천원,1
말입,1
걸로,1
식대,1
목요일,1
워드,1
정설,1
화평,1
약용,1
일정량,1
지칭,1
외대,1
무진,1
복장,1
생시,1
가방,1
것위,1
포터,1
수거,1
미끄럼,1
수단,1
짐칸,1
합성,1
맥스,1
관점,1
컨설팅업체,1
착공,1
래야,1
감안,1
선지,1
순서,1
차례대로,1
세제,1
세척제,1
비실,1
무기화합물,1
